assuntos,ep_url,id,nomes_convidados,nomes_participantes,num_convidados,num_participantes,perolas,titulo,topicos
[],https://podcast.pizzadedados.com/e/episodio-001-hello-world/,1,[],"['Leticia Portella', 'Jessica Temporal', 'Gustavo Coelho']",0,3,[],Epis√≥dio 001: Hello World,"['Quem somos? O que fazemos?', 'Objetivo do Pizza de Dados', 'Regras do Pizza de dados', 'Profiss√£o de cientista de dados: √â um unic√≥rnio mesmo? ü¶Ñ']"
"[('Congresso Latino Americano de Python Cient√≠fico - SciPyLA', 'http://scipyla.org/pt/'), ('Think Stats', 'http://greenteapress.com/wp/think-stats-2e/'), ('Data Science: An Action Plan for Expanding the technical Areas of the Field of Statistics', 'https://pdfs.semanticscholar.org/915c/d8e2b39eb02723553913d592b2237d4d9960.pdf'), ('Globo.com', 'http://www.globo.com/'), ('JusBrasil', 'https://www.jusbrasil.com.br/'), ('legal tech', 'http://www.startupsstars.com/2017/01/o-que-e-e-o-que-faz-uma-empresa-legal-tech-por-tomaz-chaves/'), ('NLP', 'https://pt.wikipedia.org/wiki/Processamento_de_linguagem_natural'), ('Data Bootcamp', 'http://databootcamp.com.br/'), ('Hadoop', 'http://hadoop.apache.org/'), ('Kafka', 'https://kafka.apache.org/'), ('Spark', 'https://spark.apache.org/'), ('Jupyter', 'http://jupyter.org/'), ('JupyterHub', 'https://jupyterhub.readthedocs.io/en/latest/'), ('PyDataBSB', 'https://www.meetup.com/pt-BR/PyData-Brasilia'), ('Storytelling', 'https://novaescolademarketing.com.br/marketing/o-que-e-storytelling/'), ('PEP-8', 'https://www.python.org/dev/peps/pep-0008/'), ('Spyder', 'https://github.com/spyder-ide/spyder'), ('Random forest', 'https://en.wikipedia.org/wiki/Random_forest'), ('Desafio do Titanic', 'https://www.kaggle.com/c/titanic'), ('Livro Predictive Analytics', 'https://www.amazon.com.br/Predictive-Analytics-Power-Predict-Click/dp/1118356853'), ('Anedota do f√≠sico Feynman', 'https://kottke.org/17/06/if-you-cant-explain-something-in-simple-terms-you-dont-understand-it')]",https://podcast.pizzadedados.com/e/episodio-002-pizza-de-aprendizado/,2,['Tarsis Azevedo'],"['Leticia Portella', 'Jessica Temporal', 'Gustavo Coelho', 'Tarsis Azevedo']",1,4,"['Eu gosto de todas (pizzas) pra elas n√£o ficarem com ci√∫mes', 'Duas camadas de cara de pau', 'Pseudo-bloggeira', '#$*%# me beepa a√≠ na edi√ß√£o', 'Eita! Vai abre o seu cora√ß√£o', 'O Code style de R √© ser feio', 'N√£o fala assim do meu R', 'Melhor convidado at√© agora', 'Vari√°veis maravilhosas: a, b, c, opaopa‚Ä¶', 'Depois‚Ä¶ um lugar m√°gico que nunca vai acontecer', '#DicaDoTarsis']",Epis√≥dio 002: Pizza de aprendizado,"['Quem √© e o que faz nosso convidado', 'Ensino de ci√™ncia de dados', 'Qualidade de c√≥digo na ci√™ncia de dados', 'Aprender com competi√ß√µes']"
"[('Um breve estudo sobre outliers', 'http://leportella.com/pt-br/2018/01/08/um-breve-estudo-sobre-outliers.html'), ('Cauda longa', 'https://pt.wikipedia.org/wiki/Cauda_longa'), ('Histogramas', 'https://pt.wikipedia.org/wiki/Histograma'), ('NumPy.Random', 'https://docs.scipy.org/doc/numpy/reference/routines.random.html'), ('Kaggle', 'https://www.kaggle.com/'), ('New york data', 'https://opendata.cityofnewyork.us'), ('I quant NY', 'http://iquantny.tumblr.com/about'), ('Code Style R', 'https://google.github.io/styleguide/Rguide.xml'), ('O que √© um dicion√°rio de dados', 'https://aquare.la/o-que-e-um-dicionario-de-dados-de-data-analytics/'), ('I Quant New York - Ben Wellington Blog', 'http://iquantny.tumblr.com/'), ('Open data index: √çndice de abertura de dados dos pa√≠ses', 'https://index.okfn.org/place/'), ('Portal da Transpar√™ncia', 'http://www.transparencia.mpf.mp.br/'), ('Escola de Dados', 'https://escoladedados.org/'), ('I thought I was ready to start coding Neural Networks. Boy, was I wrong', 'https://www.linkedin.com/pulse/i-thought-ready-start-coding-neural-networks-boy-wrong-tim-g%C3%BClke/?trackingId=U8FeIMV3JkhPqefE8iU2gQ%3D%3D&lipi=urn%3Ali%3Apage%3Ad_flagship3_feed%3BUD4Qv5VUShmFJpTbtzvOfA%3D%3D&licu=urn%3Ali%3Acontrol%3Ad_flagship3_feed-object'), ('F1 Score', 'https://en.wikipedia.org/wiki/F1_score'), ('Redes Neurais', 'https://pt.wikipedia.org/wiki/Rede_neural_artificial'), ('Deep Learning ou Aprendizagem Profunda', 'https://pt.wikipedia.org/wiki/Aprendizagem_profunda'), ('Curso do Andrew Ng', 'https://www.coursera.org/learn/machine-learning/'), ('MatLab', 'https://www.mathworks.com/products/matlab.html'), ('Octave', 'https://www.gnu.org/software/octave/'), ('O caminho definitivo para ser um cientista de dados', 'https://www.analyticsvidhya.com/blog/2017/01/the-most-comprehensive-data-science-learning-plan-for-2017/'), ('Intro to Descriptive Statistics', 'https://br.udacity.com/course/intro-to-descriptive-statistics--ud827'), ('Pandas', 'https://pandas.pydata.org/'), ('Biblioteca rows', 'https://github.com/turicas/rows'), ('Entrevista com o criador do pandas: Meet the man behind the most important tool in data science', 'https://flipboard.com/@flipboard/-meet-the-man-behind-the-most-important-/f-a2b9cb495e%2Fqz.com')]",https://podcast.pizzadedados.com/e/episodio-003-sabor-da-casa/,3,[],"['Leticia Portella', 'Jessica Temporal', 'Gustavo Coelho']",0,3,"['Essa uma mensagem do passado‚Ä¶', 'Metadados sobre os dados', 'Gustavo √© o mestre dos nomes dos munic√≠pios brasileiros.', 'Porque tem cidade que trocou de nome e trocou de volta. N√£o satisfeito de trocar de nome, trocou de volta.', 'E eu achando que sofria quando encontrava um pdf de imagem', '√â dif√≠cil padronizar o banco de dados dentro da empresa', 'Dados, uma boa qualidade‚Ä¶ que?', 'Chega na vida real e vem aquele dataset‚Ä¶ Deus do c√©u‚Ä¶', 'Os erros l√° na casa do chap√©u‚Ä¶ pra n√£o me biparem aqui', 'Camadas sobre camadas de coisas dif√≠ceis', 'Pandas √© meio bazuca pra matar formiga √†s vezes', 'As vezes a gente se sente meio ET', 'Pediu podcast? TOMA!']",Epis√≥dio 003: Sabor da Casa,"['Agradecimentos ao Marco Rougeth e Guilherme Diego', 'Outliers', 'Falta de metadados em datasets', 'A necessidade de dados em abund√¢ncia no Brasil e a cultura de dados', 'Padroniza√ß√£o de base dados', 'Redes neurais - √© t√£o dif√≠cil assim?', 'Curso de Machine Learning do Andrew Ng', 'O que estudar?']"
"[('O site com dados: Data.world', 'https://data.world/'), ('S√©rie temporal', 'https://pt.wikipedia.org/wiki/S%C3%A9rie_temporal'), ('Data storytelling', 'https://www.forbes.com/sites/brentdykes/2016/03/31/data-storytelling-the-essential-data-science-skill-everyone-needs/#172ec0f52ad4'), ('Visualiza√ß√µes/an√°lises explorat√≥rias', 'https://pt.wikipedia.org/wiki/An%C3%A1lise_explorat%C3%B3ria_de_dados'), ('Cole Nussbaumer', 'http://www.storytellingwithdata.com/about/'), ('Storytelling with data', 'http://www.storytellingwithdata.com/'), ('TDD que √© Test Driven Development ou Desenvolvimento guiado por testes', 'http://blog.thiagobelem.net/aprendendo-tdd-ou-desenvolvimento-orientado-a-testes'), ('D3 - Document driven design', 'https://d3js.org/'), ('Jornalismo de dados', 'http://datajournalismhandbook.org/pt/introducao_0.html'), ('Grammar of graphics', 'http://cfss.uchicago.edu/dataviz_grammar_of_graphics.html'), ('Curso sobre data visualization do Udacity', 'https://br.udacity.com/course/data-visualization-and-d3js--ud507'), ('ggplot', 'http://ggplot2.org/'), ('R', 'https://www.r-project.org/'), ('Matlab', 'https://www.mathworks.com/products/matlab.html'), ('Python', 'http://python.org/'), ('Julia', 'https://julialang.org/'), ('Matplotlib', 'https://matplotlib.org/'), ('Galeria de tutoriais do Matplotlib', 'https://matplotlib.org/tutorials/index.html'), ('seaborn', 'https://seaborn.pydata.org/'), ('Palestra do Isac Reyes: The Art of Data Storytelling', 'https://youtu.be/zInG1BUQZek')]",https://podcast.pizzadedados.com/e/episodio-004-era-uma-vez-dados/,4,['Rodrigo Corbelli'],"['Leticia Portella', 'Jessica Temporal', 'Gustavo Coelho', 'Rodrigo Corbelli']",1,4,"['√â tipo um curr√≠culo mais pizza, sempre achei que as pessoas', 'Tava indo tudo bem depois chega e mete um gorgonzola em cima', 'Nome bonito e grande', 'Meus gr√°ficos t√£o tr√™s vezes mais feios', 'Fui eu que fiz pra mim t√° √≥timo. Vou colar na geladeira e tudo', 'Quem matou foi o mordomo', 'Trabalhar pra ser demitido', 'Pizza de gr√°fico']",Epis√≥dio 004: Era uma vez‚Ä¶ dados,"['Quem √© e o que faz nosso convidado', 'O que √© data storytelling', 'Compreendendo princ√≠pios b√°sicos', 'Bibliotecas e ferramentas', 'Como fazer um data storytelling relevante']"
"[('Plugin do Pep-8 para Jupyter', 'https://github.com/kenkoooo/jupyter-autopep8'), ('Post do DataVizBR: Lista colaborativa de quem seguir nas redes sociais em 2018 sobre big data, data science, jornalismo de dados e visualiza√ß√£o de dados', 'https://medium.com/datavizbr/lista-colaborativa-de-quem-seguir-nas-redes-sociais-em-2018-sobre-big-data-data-science-f776dbf333b3'), ('Bokeh', 'https://bokeh.pydata.org/'), ('Serenata de Amor', 'https://serenata.ai/'), ('Changelog: Podcast internacional que o Serenata participou', 'https://changelog.com/podcast/268'), ('Encoding ou codifica√ß√£o de caracteres', 'https://pt.wikipedia.org/wiki/Codifica%C3%A7%C3%A3o_de_caracteres'), ('XML', 'https://pt.wikipedia.org/wiki/XML'), ('Mem√≥ria RAM', 'https://pt.wikipedia.org/wiki/RAM'), ('Serenata-de-amor', 'https://github.com/okfn-brasil/serenata-de-amor'), ('Jupyter notebooks', 'http://jupyter.org/'), ('Rosie', 'https://github.com/okfn-brasil/rosie'), ('TDD ou Desenvolvimento guiado por teste', 'https://pt.wikipedia.org/wiki/Test_Driven_Development'), ('SckitLearn', 'http://scikit-learn.org/'), ('CSV', 'https://pt.wikipedia.org/wiki/Comma-separated_values'), ('Jarbas', 'https://github.com/okfn-brasil/jarbas/'), ('Site com os dados da C√¢mara dos deputados', 'https://dadosabertos.camara.leg.br/'), ('Whistleblower: o reposit√≥rio do tweet-bot da Rosie', 'https://github.com/okfn-brasil/whistleblower'), ('Twitter da Rosie', 'http://twitter.com/rosiedaserenata'), ('MVP ou produto m√≠nimo vi√°vel', 'https://pt.wikipedia.org/wiki/Produto_vi%C3%A1vel_m%C3%ADnimo'), ('Lei de Acesso √† Informa√ß√£o', 'http://www.acessoainformacao.gov.br/assuntos/conheca-seu-direito/a-lei-de-acesso-a-informacao'), ('Django', 'https://www.djangoproject.com/'), ('PostgreSQL', 'https://www.postgresql.org/'), ('RabbitMQ', 'https://www.rabbitmq.com/'), ('MemCached', 'http://memcached.org/'), ('Elm', 'http://elm-lang.org/'), ('Serenata Toolbox', 'https://github.com/okfn-brasil/serenata-toolbox'), ('Python Package Index (PyPI)', 'https://pypi.python.org/pypi'), ('Pandas', 'https://pandas.pydata.org/'), ('Hypothesis Driven Development ou HDD ou desenvolvimento guiado por hipoteses', 'https://hackerchick.com/hypothesis-driven-development/'), ('Timeboxing', 'https://www.mindtools.com/pages/article/timeboxing.htm'), ('k-means', 'https://pt.wikipedia.org/wiki/K-means'), ('crowdsourcing', 'https://pt.wikipedia.org/wiki/Crowdsourcing'), ('AWS', 'https://aws.amazon.com/pt/'), ('Campanha do Serenata no Apoia.se', 'http://apoia.se/serenata')]",https://podcast.pizzadedados.com/e/episodio-005-serenata-de-amor/,5,['Eduardo Cuducos'],"['Leticia Portella', 'Jessica Temporal', 'Gustavo Coelho', 'Eduardo Cuducos']",1,4,"['A Jessica ta fazendo careta', 'o padr√£o √© n√£o ter padr√£o', 'Tem um bar de palmeirense aqui do lado de casa ‚Ä¶ Aparentemente estamos gravando num dia que o Palmeiras joga', 'N√£o Gustavo, √© que voc√™ n√£o tem meio termo migo', 'Efeito Unic√≥rnio', 'A gente queria os @']",Epis√≥dio 005: Serenata de Amor,"['Quem √© e o que faz nosso convidado', 'O projeto Serenata de Amor: hist√≥rico e stack tecnol√≥gica', 'Dados e c√≥digo abertos', 'Os reposit√≥rios no GitHub: o que √© cada um e como funcionam entre si', 'O futuro da Serenata']"
"[('‚ÄúThe Visual Display of Quantitative Information‚Äù de Edward Tufte', 'https://www.amazon.com/Visual-Display-Quantitative-Information/dp/1930824130'), ('‚ÄúThe Back of the Napkin: Solving Problems and Selling Ideas with Pictures‚Äù de Dan Roam', 'https://www.amazon.com/Back-Napkin-Expanded-Problems-Pictures/dp/1591842697/ref=sr_1_1?s=books&ie=UTF8&qid=1521809063&sr=1-1&keywords=The+Back+of+the+Napkin%3A+Solving+Problems+and+Selling+Ideas+with+Pictures'), ('‚ÄúComo mentir com estat√≠stica‚Äù de Darrell Huff.', 'https://www.amazon.com/Como-mentir-com-estat%C3%ADstica-Portuguese-ebook/dp/B01FIGE0S8/ref=sr_1_1?s=books&ie=UTF8&qid=1521809094&sr=1-1&keywords=como+mentir+com+estatistica'), ('NOAA', 'http://www.noaa.gov/'), ('Blog inicial do Filipe', 'http://ocefpaf.github.io/python4oceanographers/'), ('IOOS Integrated Oceanic', 'https://ioos.github.io/notebooks_demos/'), ('GOOS', 'http://www.aoml.noaa.gov/phod/goos.php'), ('Jupyter Notebooks', 'https://jupyter.org/'), ('Continous Integration ou Integra√ß√£o Cont√≠nua', 'http://blog.caelum.com.br/integracao-continua/'), ('Compliance checker', 'https://github.com/ioos/compliance-checker'), ('GeoJSON', 'http://geojson.org/'), ('JSON', 'https://json.org/'), ('XML', 'https://pt.wikipedia.org/wiki/XML'), ('CSV', 'https://pt.wikipedia.org/wiki/Comma-separated_values'), ('Dask', 'https://dask.pydata.org/en/latest/'), ('API', 'https://pt.wikipedia.org/wiki/Interface_de_programa%C3%A7%C3%A3o_de_aplica%C3%A7%C3%B5es'), ('pandas', 'https://pandas.pydata.org/'), ('Lazy evaluation ou avalia√ß√µes pregui√ßosas', 'https://pt.wikipedia.org/wiki/Avalia%C3%A7%C3%A3o_pregui%C3%A7osa'), ('Spark', 'https://spark.apache.org/'), ('CyToolz', 'https://github.com/pytoolz/cytoolz'), ('JVM', 'https://pt.wikipedia.org/wiki/Java_virtual_machine'), ('NetCDF', 'https://www.unidata.ucar.edu/software/netcdf/'), ('HDF', 'https://www.hdfgroup.org/'), ('Climate Forecasting', 'https://en.wikipedia.org/wiki/Weather_forecasting'), ('Fortran', 'https://pt.wikipedia.org/wiki/Fortran'), ('lzma', 'https://pt.wikipedia.org/wiki/LZMA'), ('lz4', 'http://lz4.github.io/lz4/'), ('blosc', 'http://blosc.org%20(na verdade √© um interface para os compactadores e n√£o um compactador em si'), ('zlib', 'https://zlib.net'), ('Anaconda Inc', 'https://www.anaconda.com/'), ('conda-forge', 'https://github.com/conda-forge'), ('pip', 'https://pypi.python.org/pypi/pip/'), ('Conda', 'https://conda.io/docs/'), ('UK Met office', 'https://www.metoffice.gov.uk/'), ('GitHub', 'https://github.com'), ('apt-get', 'https://pt.wikipedia.org/wiki/Advanced_Packaging_Tool'), ('NLTK', 'https://www.nltk.org/'), ('Software Carpentry', 'https://software-carpentry.org/'), ('Controle de vers√£o', 'https://pt.wikipedia.org/wiki/Sistema_de_controle_de_vers%C3%B5es'), ('Git', 'https://pt.wikipedia.org/wiki/Git'), ('Shell', 'https://www.vivaolinux.com.br/artigo/Uma-introducao-ao-shell-(parte-1)'), ('SVN', 'https://pt.wikiversity.org/wiki/Subversion_-_SVN'), ('Mercurial', 'https://pt.wikipedia.org/wiki/Mercurial'), ('MatLab', 'https://www.mathworks.com/products/matlab.html'), ('Projeto dos supercomputadores: Pangeo', 'https://pangeo-data.github.io/'), (' JupyterHub deles o link √© esse aqui', 'http://pangeo.pydata.org/')]",https://podcast.pizzadedados.com/e/episodio-006-da-oceanografia-ao-conda-forge/,6,['Filipe Fernandes'],"['Leticia Portella', 'Jessica Temporal', 'Gustavo Coelho', 'Filipe Fernandes']",1,4,"['Uma pizza que a gente achou pelo cheiro‚Ä¶ fizemos engenharia reversa', 'Eu tenho que agradecer ao povo que me demitiu naquela semana', 'Eu n√£o sou um bom desenvolvedor, eu sou um bom ‚Äúcopia e cola‚Äù', 'Essa √© a defini√ß√£o do ocean√≥grafo: sabe um pouco de tudo e nada de nada', 'Achar l√≥gica no mercado financeiro? Voc√™ tem que ser um gandalf cientista de dados!', 'Voc√™ √© muito modesto. Aceita esse parab√©ns a√≠!', 'Eu n√£o fico empurrando tartaruga na praia']",Epis√≥dio 006: Da Oceanografia ao Conda Forge,"['Quem √© e o que faz nosso convidado', 'De um blog pessoal √† maior ag√™ncia de oceanografia dos Estados Unidos', 'Lidando com arquivos gigantescos', 'Arquivos tipo NetCDF', 'Conda-Forge: como come√ßou e como chegou aonde chegou', 'Software Carpentry: tudo o que quer√≠amos quando come√ßamos na ci√™ncia']"
"[('Site novo', 'http://pizzadedados.com/episodio-007/pizzadedados.com'), ('Perfil no Facebook', 'https://www.facebook.com/pizzadedados/'), ('Bruno', 'https://twitter.com/nicoddemus'), ('Bottery', 'http://bottery.io'), ('Doa√ß√µes', 'http://pizzadedados.com/sobre/'), ('Grupo de Julia no telegram', 'https://t.me/juliabrasil'), ('Post do Kevin Breaker com uma lista de podcasts brasileiros', 'https://medium.com/@kevinbreaker/principais-podcasts-brasileiros-de-tecnologia-6ff8944226f7'), ('Mozilla Technology Policy Fellow', 'https://blog.mozilla.org/blog/2017/06/08/increasing-momentum-around-tech-policy/'), ('Funda√ß√£o Mozilla', 'https://www.mozilla.org/en-US/foundation/'), ('Fellowships da Mozilla', 'https://science.mozilla.org/programs/fellowships'), ('FTC ou Federal Trade Commission', 'https://www.ftc.gov/'), ('Anteprojeto de lei de prote√ß√£o de dados pessoais', 'http://pensando.mj.gov.br/dadospessoais/texto-em-debate/anteprojeto-de-lei-para-a-protecao-de-dados-pessoais/'), ('Internet health ou Saude da internet', 'https://www.mozilla.org/pt-BR/internet-health/'), ('Civil law', 'https://pt.wikipedia.org/wiki/Sistema_romano-germ%C3%A2nico'), ('Common law', 'https://pt.wikipedia.org/wiki/Common_law'), ('Fellowships da Mozilla', 'https://blog.mozilla.org/blog/2017/09/13/mozilla-announces-15-new-fellows-science-advocacy-media/'), ('Lei de acesso √† Informa√ß√£o ou LAI', 'https://www.planalto.gov.br/ccivil_03/_ato2011-2014/2011/lei/l12527.htm'), ('CEAP ou Cota para exerc√≠cio da Atividade Parlamentar', 'http://pizzadedados.com/episodio-007/'), ('Cambridge Analytica', 'https://en.wikipedia.org/wiki/Cambridge_Analytica'), ('C√≥digo de Defesa do Consumidor', 'http://www.planalto.gov.br/ccivil_03/LEIS/L8078.htm'), ('Decreto de Com√©rcio Eletr√¥nico', 'http://www.planalto.gov.br/ccivil_03/_ato2011-2014/2013/decreto/d7962.htm'), ('Decreto de atendimento ao Consumidor', 'http://www.planalto.gov.br/ccivil_03/_ato2007-2010/2008/decreto/d6523.htm'), ('Anatel', 'http://www.anatel.gov.br/institucional/'), (' busca no portal do consumidor para voc√™ achar o mais indicado pra voc√™', 'http://www.portaldoconsumidor.gov.br/procon.asp?acao=buscar'), ('Internet de coisas ou IoT', 'https://pt.wikipedia.org/wiki/Internet_das_coisas'), ('Aprendizado de m√°quina ou Machine Learning', 'https://pt.wikipedia.org/wiki/Aprendizado_de_m%C3%A1quina'), ('Esc√¢ndalo da target', 'https://olhardigital.com.br/noticia/varejista-norte-americana-descobre-gravidez-de-clientes-com-a-ajuda-de-software/24231'), ('Serenata de Amor', 'https://serenata.ai/'), ('Privacy by design ou Privacidade desde a concep√ß√£o', 'https://pt.wikipedia.org/wiki/Privacidade_desde_a_concep%C3%A7%C3%A3o'), ('Accountability', 'https://pt.wikipedia.org/wiki/Accountability'), ('AI Now', 'https://ainowinstitute.org/'), ('Partnership on AI', 'https://www.partnershiponai.org/'), ('Caso do google que identificava negros como gorilas', 'https://brasil.elpais.com/brasil/2016/06/10/tecnologia/1465577075_876238.html'), ('Caso do sensor da saboneteira que n√£o reconhece peles negras', 'http://gizmodo.uol.com.br/por-que-esta-saboneteira-nao-reconhece-peles-negras/'), ('Weapons of Math Destruction', 'https://weaponsofmathdestructionbook.com/')]",https://podcast.pizzadedados.com/e/episodio-007-etica-leis-e-seguranca-de-dados/,7,['Mar√≠lia Monteiro'],"['Leticia Portella', 'Jessica Temporal', 'Gustavo Coelho', 'Mar√≠lia Monteiro']",1,4,"['T√£o deixando eles (dados) mofando l√°', 'Passei de interessado pra preocupad√≠ssimo', 'Eu dei um grito aqui!', 'Esse epis√≥dio t√° muito Black Mirror', 'Noosssaa! Falou tudo!', 'Estou querendo andar com a Mar√≠lia no recreio', 'T√¥ bobo aqui!']","Epis√≥dio 007: √âtica, leis e seguran√ßa de dados","['Quem √© e o que faz nossa convidada', 'O que s√£o os fellowships da Funda√ß√£o Mozilla', 'Privacidade dos dados no contexto atual', 'Funcionamento do C√≥digo de Defesa do Consumidor no mundo digital', 'Prote√ß√£o de dados pessoais']"
"[('Canal do Pizza no Youtube', 'https://www.youtube.com/c/pizzadedados'), ('Kevin Breaker', 'https://medium.com/@kevinbreaker/principais-podcasts-brasileiros-de-tecnologia-6ff8944226f7'), ('Eu amo podcast', 'https://twitter.com/euamopodcast/status/992515179383590913'), ('Rodrigo Medeiros', 'https://medium.com/@medeiros_rod/curadoria-mensal-de-podcasts-sobre-ux-visualiza%C3%A7%C3%A3o-de-dados-e-desenvolvimento-web-em-portugu%C3%AAs-e3180be50cbf'), ('API do Star Wars: swapi.co', 'https://swapi.co/'), ('OpenNeuro', 'https://openneuro.org/'), ('Resenha da Carol Dantas', 'http://carolinedantas.com/2018/05/07/ep1.html'), ('Opera√ß√£o Serenata de Amor', 'https://serenata.ai'), ('Rails Girls', 'http://railsgirls.com/'), ('Django Girls', 'http://djangogirls.org/'), ('Chatbot', 'https://pt.wikipedia.org/wiki/Chatbot'), ('Aos Fatos', 'http://aosfatos.org/'), ('F√°tima', 'https://aosfatos.org/noticias/aos-fatos-e-facebook-unem-se-para-desenvolver-robo-checadora/'), ('Tai Nalon', 'https://twitter.com/tainalon'), ('Bottery', 'http://bottery.io/'), ('Coda BR', 'https://coda.escoladedados.org/'), ('Escola de dados', 'https://escoladedados.org/'), ('Natural Language Processing ou Processamento de Linguagem Natural', 'https://pt.wikipedia.org/wiki/Processamento_de_linguagem_natural'), ('Porcentagem de precis√£o de resposta ou acur√°cia', 'http://www.galileu.esalq.usp.br/mostra_topico.php?cod=84'), ('nltk', 'https://www.nltk.org/'), ('chatterbot', 'https://github.com/gunthercox/ChatterBot'), ('Caso da Tay Microsoft', 'https://www.telegraph.co.uk/technology/2016/03/24/microsofts-teen-girl-ai-turns-into-a-hitler-loving-sex-robot-wit/'), ('spaCy', 'https://spacy.io/'), ('Lematiza√ß√£o ou Stemming ou Stemiza√ß√£o', 'https://pt.wikipedia.org/wiki/Stemiza%C3%A7%C3%A3o'), (' Brincando com processamenteo de linguagem natural com spaCy', 'http://leportella.com/pt-br/2017/11/30/brincando-de-nlp-com-spacy.html'), ('Natural Language Understanding ou NLU', 'https://en.wikipedia.org/wiki/Natural_language_understanding'), ('Eliza', 'https://pt.wikipedia.org/wiki/ELIZA'), ('Epis√≥dio do Nerdologia sobre chatbots', 'https://youtu.be/VhC_wAsw2-c'), ('Linha de comando', 'https://pt.wikipedia.org/wiki/Interpretador_de_comandos'), ('Interface gr√°fica', 'https://pt.wikipedia.org/wiki/Interface_gr%C3%A1fica_do_utilizador'), ('Siri', 'https://www.apple.com/br/ios/siri/'), ('Alexa', 'https://developer.amazon.com/alexa'), ('Poupinha', 'http://www.saopaulo.sp.gov.br/spnoticias/poupatempo-tem-robo-virtual-que-facilita-atendimento-e-agenda-horarios/'), ('Teste de Turing', 'https://pt.wikipedia.org/wiki/Teste_de_Turing'), ('Alan Turing', 'https://pt.wikipedia.org/wiki/Alan_Turing'), ('Video dos hackers: This is how hackers hack you using simple social engineering', 'https://www.youtube.com/watch?v=lc7scxvKQOo'), ('Let‚Äôs Encrypt', 'https://letsencrypt.org/'), ('Prolog', 'https://pt.wikipedia.org/wiki/Prolog')]",https://podcast.pizzadedados.com/e/episodio-008-conversando-com-bots/,8,['Ana Schwendler'],"['Leticia Portella', 'Jessica Temporal', 'Gustavo Coelho', 'Ana Schwendler']",1,4,"['Lavagem de dinheiro‚Ä¶ Nossa que ideia √≥tima, n√£o tinha pensado nisso!', 'Quero ver um (rob√¥) que cancela a NET!', 'Ah! Vou ali comprar um (google home) pra colocar no quarto.', 'Existem pessoas que querem usar isso para o mal e pessoas que v√£o usar isso bem.']",Epis√≥dio 008: Conversando com bots,"['Quem √© e o que faz nossa convidada', 'Chatbots: o que s√£o e do que se alimentam?', 'Casos famosos de chatbots', 'Tecnologias usadas para cria√ß√£o de chatbots']"
"[('#PerguntaProPizza', 'https://twitter.com/search?q=%23perguntapropizza&src=typd'), ('Canal do Pizza no Youtube', 'https://www.youtube.com/c/pizzadedados'), ('Data Bootcamp', 'http://databootcamp.com.br/'), ('Visidata', 'https://github.com/saulpw/visidata'), ('Histogramas interativos', 'http://www.shodor.org/interactivate/activities/Histogram/'), ('API da Marvel', 'https://developer.marvel.com/'), ('IMDB', 'https://www.imdb.com/'), ('Crawler', 'https://en.wikipedia.org/wiki/Web_crawler'), ('API', 'https://pt.wikipedia.org/wiki/Interface_de_programa%C3%A7%C3%A3o_de_aplica%C3%A7%C3%B5es'), ('HTML', 'https://pt.wikipedia.org/wiki/HTML'), ('JSON', 'https://pt.wikipedia.org/wiki/JSON'), ('OCR', 'https://pt.wikipedia.org/wiki/Reconhecimento_%C3%B3tico_de_caracteres'), ('Captcha', 'https://pt.wikipedia.org/wiki/CAPTCHA'), ('Bot do Google', 'https://support.google.com/webmasters/answer/182072?hl=pt-BR'), ('Archive.org', 'http://archive.org/'), ('SEO', 'https://en.wikipedia.org/wiki/Search_engine_optimization'), ('Grafos', 'https://pt.wikipedia.org/wiki/Teoria_dos_grafos'), ('Requests', 'http://docs.python-requests.org/en/master/'), ('URLlib', 'https://docs.python.org/3/library/urllib.html'), ('BeautifulSoup', 'https://www.crummy.com/software/BeautifulSoup/bs4/doc/'), ('lxml', 'https://lxml.de/'), ('Scrapy', 'https://scrapy.org/'), ('Apache Nutch', 'http://nutch.apache.org/'), ('Express√µes Regulares Regex', 'https://pt.wikipedia.org/wiki/Express%C3%A3o_regular'), ('Parsing', 'https://en.wikipedia.org/wiki/Parsing'), ('XPath', 'https://pt.wikipedia.org/wiki/XPath'), ('CSS', 'https://pt.wikipedia.org/wiki/Cascading_Style_Sheets'), ('Seletores CSS como Game', 'https://flukeout.github.io/'), ('Seletores CSS', 'https://code.tutsplus.com/pt/tutorials/the-30-css-selectors-you-must-memorize--net-16048'), ('Tutorial ‚Äúb√£o‚Äù de XPath', 'http://www.zvon.org/comp/r/tut-XPath_1.html'), ('Como ‚Äúpensar‚Äù em XPath', 'http://plasmasturm.org/log/xpath101/'), ('Middlewares do Selenium para Scrapy', 'https://stackoverflow.com/questions/40268815/how-to-write-customize-downloader-middleware-for-selenium-and-scrapy'), ('Generators', 'https://wiki.python.org.br/UsandoGenerators'), ('parsel', 'https://pypi.org/project/parsel/'), ('Selenium', 'https://www.seleniumhq.org'), ('Headless', 'https://en.wikipedia.org/wiki/Headless_software'), ('AJAX', 'https://www.devmedia.com.br/o-que-e-o-ajax/6702')]",https://podcast.pizzadedados.com/e/episodio-009-sobre-crawlers-e-scrapers/,9,"['Valdir Stumm J√∫nior', 'Elias Dorneles']","['Leticia Portella', 'Jessica Temporal', 'Gustavo Coelho', 'Valdir Stumm J√∫nior', 'Elias Dorneles']",2,5,"['Eu acho que o arrast√£o tem mais‚Ä¶ puls√¢ncia!', 'A gente passou um passo na frente da l√≠ngua inglesa', 'Tive meu momento de scrapear, crawlear', 'Acho que eu j√° incomodei todo mundo que t√° aqui com isso', 'Tem essa bagun√ßa completa que √© a web', 'Aten√ß√£o crian√ßas essa foi uma explica√ß√£o sobre o uso avan√ßado de ferramentas', '√â muito abre-te s√©samo t√° ligado?', 'Achou que o pizza ia ser f√°cil?', 'S√≥ agora que eu entendi veih']",Epis√≥dio 009: Sobre Crawlers e Scrapers,"['Quem s√£o e o que fazem nossos convidados', 'Defini√ß√£o de Crawler (Rastejador)', 'Diferen√ßa entre crawling e scrapping (rastejar e raspar)', 'Frameworks de raspagem']"
"[(' ‚ÄúAprendizado n√£o supervisionado‚Äù', 'http://gusrabbit.com/unsupervised-learning/'), (' ‚ÄúEnsemble de regressores no Spark‚Äù', 'http://gusrabbit.com/ensemble-spark/'), ('PodPergunta - Formul√°rio 2018', 'http://abpod.com.br/podpesquisa/formulario2018/'), ('#PerguntaProPizza', 'https://twitter.com/search?q=%23perguntapropizza&src=typd'), ('Campus Party', 'http://brasil.campus-party.org/cpbrasilia/'), ('Turicas no GitHub', 'https://github.com/turicas'), ('IBGE', 'https://www.ibge.gov.br/'), ('Brasil.IO', 'https://brasil.io/'), ('Escola de Dados', 'http://escoladedados.org/'), ('Dado estruturado (artigo em ingl√™s)', 'https://www.webopedia.com/TERM/S/structured_data.html'), ('Biblioteca rows', 'https://github.com/turicas/rows'), ('Jornalismo de dados', 'http://www.datajournalismhandbook.org/pt/introducao_0.html'), ('Software Livre', 'http://www.gnu.org/philosophy/free-sw.pt-br.html'), ('Script de sal√°rios dos magistrados', 'https://twitter.com/turicas/status/943176715672711168'), ('Brasil.IO - API', 'https://brasil.io/api/'), (' entrar no chat', 'https://chat.brasil.io/'), (' ver reposit√≥rio', 'https://github.com/turicas/brasil.io/'), ('Escola de dados', 'https://escoladedados.org/'), ('Opera√ß√£o Serenata de Amor', 'https://serenata.ai/'), ('open refine', 'http://openrefine.org/'), ('XPath', 'https://pt.wikipedia.org/wiki/XPath'), ('Evento CODA.BR', 'https://coda.escoladedados.org/'), ('Cerveja com Dados (diversas cidades)', 'https://www.meetup.com/Cerveja-com-Dados/'), ('Como organizar um Cerveja com Dados em sua cidade', 'https://escoladedados.org/2018/02/08/que-tal-organizar-um-cerveja-com-dados-em-sua-cidade/'), ('Explica√ß√£o do que s√£o Lightning talks ou palestras rel√¢mpago', 'https://www.youtube.com/watch?v=Q3Kgd1IirgM'), ('Reportagem sobre desvio de 7 milh√µes em bolsas da UFPR', 'https://www.gazetadopovo.com.br/vida-e-cidadania/estudante-detectou-sozinha-desvio-milionario-de-bolsas-que-a-ufpr-nao-viu-52c7c52x896li4rb2qkrjeona'), ('Grupo Legal Hackers', 'https://legalhackers.org/'), ('Datasets do Brasil.IO', 'https://brasil.io/datasets'), ('neo4j', 'https://neo4j.com/'), ('Mat√©ria que contribu√≠ que mostra como o processo de sorteio do STF √© fechado', 'https://apublica.org/2018/01/sorteio-do-supremo-e-caixa-preta/'), ('IBGE nomes', 'https://censo2010.ibge.gov.br/nomes/#/search'), ('JSON', 'https://pt.wikipedia.org/wiki/JSON'), ('API ou Application Programming Interfaces', 'https://pt.wikipedia.org/wiki/Interface_de_programa%C3%A7%C3%A3o_de_aplica%C3%A7%C3%B5es'), (' Dataset com mais de 100k nomes brasileiros classificados por g√™nero e agrupados', 'https://brasil.io/dataset/genero-nomes/nomes'), ('Revista digital G√™nero e N√∫mero', 'http://generonumero.media/'), ('Mat√©ria compartilhando a metodologia da classifica√ß√£o dos nomes', 'http://www.generonumero.media/como-classificamos-mais-de-800-mil-logradouros-brasileiros-por-genero/'), ('Mat√©ria do G1 sobre agenda presidencial em que o Turicas colaborou com a Gabriela Caesar', 'https://g1.globo.com/politica/noticia/em-dois-anos-de-governo-temer-teve-encontros-oficiais-com-mais-da-metade-do-congresso.ghtml'), ('Mat√©ria sobre Fake News publicada no G1 por Gabriela Caesar', 'https://g1.globo.com/politica/noticia/marcela-ross-nao-existe-pesquisa-nao-mostra-94-de-apoio-a-intervencao-militar-e-pais-nao-esta-em-estado-de-sitio-como-funciona-uma-das-fabricas-de-fake-news-no-brasil.ghtml'), ('Mat√©ria na Folha sobre dados sigilosos publicados', 'https://www1.folha.uol.com.br/cotidiano/2018/04/sistema-da-justica-viola-sigilo-e-expoe-criancas-vitimas-de-estupro.shtml'), ('Problema: falta de anonimato na Lei de Acesso √† Informa√ß√£o', 'https://br.okfn.org/2018/05/22/nos-6-anos-de-lai-pedidos-de-informacao-sem-anonimato-expoem-cidadaos-e-enfraquecem-a-democracia/'), ('Exemplos de gr√°ficos que foram utilizados na mat√©ria ‚ÄúFarra do FIES‚Äù, guiada por dados e que ganhou o pr√™mio ExxonMobil de Jornalismo em 2015', 'http://blog.estadaodados.com/fies/'), ('Brasil.IO - Manifesto', 'https://brasil.io/manifesto'), ('Brasil.IO - Doa√ß√µes s√£o bem-vindas', 'https://apoia.se/brasilio'), ('Evento PythonBrasil', 'http://pythonbrasil.com.br/'), ('Lightning talk sobre torra de caf√© em Python (v√≠deo e slides)', 'https://twitter.com/turicas/status/996133459537129472')]",https://podcast.pizzadedados.com/e/episodio-010-dados-abertos-open-source-e-muito-mais/,10,"['√Ålvaro ""Turicas"" Justen']","['Leticia Portella', 'Jessica Temporal', 'Gustavo Coelho', '√Ålvaro ""Turicas"" Justen']",1,4,"['Gostei muito da cidade ‚Ä¶ Temperatura foi um fator supercr√≠tico, o Rio √© muito quente pra mim', 'Oxe tem gente fazendo o sinal da cruz', 'At√© eu n√£o aprendi a fazer tabela din√¢mica no excel', 'Ficamos bebendo cerveja at√© uma da manh√£‚Ä¶ Um evento de sucesso', 'A gente t√° bem no ranking, mas m√©dia do ranking √© ruim', 'Tem bug pra C#$%!', 'Eu tava apertando tudo quanto √© lugar menos no bot√£o']","Epis√≥dio 010: Dados abertos, Open Source e muito mais","['Quem √© e o que faz nosso convidado', 'Dados abertos', 'Brasil IO', 'Software Livre', 'Jornalismo de dados']"
"[('#PerguntaProPizza', 'https://twitter.com/search?q=%23perguntapropizza&src=typd'), ('Curso do Data Bootcamp - AI: do zero ao deep learning', 'https://databootcamp.com.br/classes/12'), ('Obrigada Hugo pelo PR', 'https://github.com/PizzaDeDados/pizzadedados/pull/29'), ('Texto da escola de dados com 150 dicas para trabalhar com dados', 'https://escoladedados.org/2018/07/24/150-dicas-para-o-trabalho-com-dados-parte-i-ferramentas/'), (' Post do Becoming Human com Cheatsheets sobre Redes Neurais, Machine Learning, Deep Learning', 'https://becominghuman.ai/cheat-sheets-for-ai-neural-networks-machine-learning-deep-learning-big-data-678c51b4b463'), ('Tweet sobre o m√≥dulo embutido do Python para estat√≠stica', 'https://twitter.com/breaking_bytes/status/1024360787178008576'), ('Documenta√ß√£o do m√≥dulo embutido do Python para estat√≠stica', 'https://docs.python.org/3/library/statistics.html'), ('InternetLab', 'http://www.internetlab.org.br/en/'), ('Pesquisa do internetlab sobre os seguidores dos presidenciaveis', 'http://www.internetlab.org.br/pt/informacao-e-politica/bot-ou-nao-quem-segue-os-candidatos-presidente/'), ('Open Society', 'https://www.opensocietyfoundations.org/'), ('Bots', 'https://pt.wikipedia.org/wiki/Bots'), ('Crawlers', 'http://globalad.com.br/blog/o-que-e-crawler/'), ('Botomoter ou Botometro', 'https://botometer.iuni.iu.edu/'), ('Processamento de linguagem natural (NLP)', 'https://pt.wikipedia.org/wiki/Processamento_de_linguagem_natural'), ('An√°lise de Sentimento', 'http://www.cienciaedados.com/analise-de-sentimentos-e-machine-learning/'), ('Aprendizado n√£o supervisionado', 'http://home.isr.uc.pt/~paulo/PROJ/NN95/node31.html'), ('Crowdsourcing', 'https://pt.wikipedia.org/wiki/Crowdsourcing'), ('Site de crowdsourcing que o Gustavo mencionou (na verdade √© um servi√ßo de digita√ß√£o da AWS)', 'https://www.mturk.com/'), ('Reportagem que o Gustavo mencionou: The Hellish Reality Of Working At An Overseas ‚ÄòClick Farm‚Äô', 'http://www.cracked.com/personal-experiences-2550-the-hellish-reality-working-at-overseas-click-farm.html'), ('Python', 'http://python.org.br/'), ('MySQL', 'https://www.mysql.com/'), ('API do Twitter', 'https://developer.twitter.com/en/docs/api-reference-index'), ('Random forest', 'https://en.wikipedia.org/wiki/Random_forest'), ('Intervalo de confian√ßa', 'https://pt.wikipedia.org/wiki/Intervalo_de_confian%C3%A7a'), ('Relat√≥rio do InternetLab sobre os bots seguindo as contas de presidenci√°veis', 'http://www.internetlab.org.br/wp-content/uploads/2018/07/Relat%C3%B3rio-Bots-ou-n%C3%A3o.pdf'), ('Gephi', 'https://gephi.org/'), ('Score CAP (Complete Automation Probability)', 'https://botometer.iuni.iu.edu/#!/faq#what-is-cap'), ('Exerc√≠cio do Gustavo: Grafo da distribui√ß√£o dos bots analisados na pesquisa. Cada n√≥ representa uma conta, e as arestas significam que um perfil segue o outro. Retirado do Blog do InternetLab', 'http://www.internetlab.org.br/wp-content/uploads/2018/07/grafo-768x576.png'), ('Artigo em ingl√™s sobre o Twitter deletar contas', 'https://www.iheart.com/content/2018-07-08-twitter-deleting-accounts-faster-than-ever-before/'), ('Fake News ou Not√≠cias Falsas', 'https://pt.wikipedia.org/wiki/Not%C3%ADcia_falsa'), ('GitHub do InternetLab', 'http://github.com/internetlab-br'), ('R (linguagem de programa√ß√£o)', 'https://cran.r-project.org/'), ('matplotlib', 'https://matplotlib.org/')]",https://podcast.pizzadedados.com/e/episodio-011-bots-politicos/,11,['Lucas Lago'],"['Leticia Portella', 'Jessica Temporal', 'Gustavo Coelho', 'Lucas Lago']",1,4,"['Eles n√£o conhecem o √≥dio do nosso twitter', 'O ingrediente secreto do site √© amor ‚ù§Ô∏è', 'Minha participa√ß√£o do pizza √© sempre contar coisa que eu lembro pela metade', 'Automatizadas pero no mucho', 'A gente aqui no pizza gosta de pizza aberta porque pizza fechada √© calzone']",Epis√≥dio 011: Bots Pol√≠ticos,"['Quem √© o que faz nosso convidado?', 'Bots', 'Bots pol√≠ticos', 'Fake news', 'Pesquisa cient√≠fica', 'Dados abertos', 'Botometer']"
"[('#PerguntaProPizza', 'https://twitter.com/search?q=%23perguntapropizza&src=typd')]",https://podcast.pizzadedados.com/e/episodio-012-big-data/,12,"['Diogo Munaro', 'Renan Oliveira']","['Leticia Portella', 'Jessica Temporal', 'Gustavo Coelho', 'Diogo Munaro', 'Renan Oliveira']",2,5,"['#PerguntaProPizza', 'Uma thread no twitter da Leticia Silva com v√°rios cursos', 'Boas pr√°ticas para reproducibilidade de pesquisa (em ingles)', 'Google Datasets: tipo google scholar mas para datasets', 'O DJ Patil, em conjunto com mais dois autores, lan√ßaram um livro (em ingl√™s) sobre √©tica e data science link pro tweet e o link pro livro na loja da Amazon Brasileira', 'Big Data', 'Aprendizado de M√°quina ou Machine Learning', 'BI (business intelligence)', 'Pentaho', 'T√©cnicas de ETL (Extract, Transform and Load)', 'Data Lake e Data warehouse', 'Open Source', 'Hadoop', 'Kafka', 'Hive', 'Parquet', 'Spark', 'Map Reduce', 'Pig', 'HDFS', 'Barramento', 'Data Locality', 'Pandas', 'DevOps', 'JVM ou M√°quina Virtual Java', 'S√©rie Temporal', 'Cross Validation ou Valida√ß√£o Cruzada', 'Reinforcement Learning ou Aprendizado por Refor√ßo', 'K-fold', 'Overfitting ou Sobreajuste', 'Python', 'Scala', 'Serveless', 'Cluster', 'React', 'CRUD', 'Serenata de Amor', 'Kaggle', 'GitHub', 'T-Test ou teste de T de Student', 'Teste multivariado e Teste A/B', 'Brasil.io']",Epis√≥dio 012: Big Data,"['Quem s√£o e o que fazem nossos convidados', 'Big Data al√©m da hype', 'Diferen√ßas entre Big Data e An√°lise de Dados tradicional', 'Ferramentas para trabalhar com big data']"
"[('#PerguntaProPizza', 'https://twitter.com/search?q=%23perguntapropizza&src=typd'), ('Instagram do pizza', 'https://www.instagram.com/pizzadedados/'), ('Script do Mateus Alexandre', 'https://gist.github.com/mateusalxd/9a6c344b42031d69900071b917b7301c'), ('sobre grid search', 'https://gusrabbit.com/code/grid-search/'), ('sobre cross validation', 'https://gusrabbit.com/code/cross_validate/'), ('HackTalk que a Lele participou', 'https://youtu.be/i8vvR3avyxQ'), ('Python', 'http://python.org.br/'), ('Django', 'https://www.djangoproject.com/'), ('Grafos e teoria dos grafos', 'https://pt.wikipedia.org/wiki/Teoria_dos_grafos'), ('Palestra do Bernardo na Python Brasil', 'https://youtu.be/BWp_2xeVzoc'), ('Evento Python Brasil', 'https://pythonbrasil.org.br'), ('Evento TDC', 'http://www.thedevelopersconference.com.br/'), ('Estudo do jazz do Bernardo', 'https://github.com/berinhard/jazz-graph'), ('Banco de dados relacional', 'https://pt.wikipedia.org/wiki/Banco_de_dados_relacional'), ('Networkx', 'https://networkx.github.io/'), ('Banco orientado a grafos', 'https://pt.stackoverflow.com/a/240242'), ('Postgres', 'https://pt.wikipedia.org/wiki/PostgreSQL'), ('Nosql', 'https://pt.wikipedia.org/wiki/NoSQL'), ('Neo4j', 'https://neo4j.com/'), ('Atomicidade', 'https://pt.wikipedia.org/wiki/ACID#Atomicidade'), ('M√©tricas de centralidade', 'https://pt.wikipedia.org/wiki/Centralidade'), ('Microsservi√ßos', 'https://en.wikipedia.org/wiki/Microservices'), ('Testes unit√°rios', 'https://pt.wikipedia.org/wiki/Teste_de_unidade'), ('ORM', 'https://pt.wikipedia.org/wiki/Mapeamento_objeto-relacional'), ('Centralidade de grau', 'https://pt.wikipedia.org/wiki/Centralidade#Centralidade_de_Grau'), ('Autovetores e Autovalores', 'https://pt.wikipedia.org/wiki/Autovalores_e_autovetores'), ('NumPy', 'http://www.numpy.org/'), ('Algoritmo de Dijkstra', 'https://pt.wikipedia.org/wiki/Algoritmo_de_Dijkstra'), ('SysAdmin', 'https://en.wikipedia.org/wiki/System_administrator'), ('Page rank', 'https://en.wikipedia.org/wiki/PageRank'), ('Sistemas de recomenda√ß√£o', 'https://pt.wikipedia.org/wiki/Sistema_de_recomenda%C3%A7%C3%A3o'), ('Six degree of separation', 'https://en.wikipedia.org/wiki/Six_degrees_of_separation'), ('OrientDB', 'https://orientdb.com/'), ('Py2neo', 'https://py2neo.org/v4/'), ('Cypher language', 'https://neo4j.com/developer/cypher-query-language/#_about_cypher'), ('Estudo de Game of Thrones: Network of Throne', 'https://networkofthrones.wordpress.com/'), ('Estudo da rede de corrup√ß√£o Brasileira publicada pela USP', 'https://jornal.usp.br/ciencias/ciencias-exatas-e-da-terra/estrutura-da-corrupcao-no-brasil-e-similar-a-rede-terrorista/'), ('Centralidade betweenness ou Centralidade de intermedia√ß√£o', 'https://pt.wikipedia.org/wiki/Centralidade#Centralidade_de_Intermedia%C3%A7%C3%A3o'), ('Brasil.io', 'https://brasil.io/'), ('Epis√≥dio com o Turicas sobre dados abertos', 'http://pizzadedados.com/episodio-010/')]",https://podcast.pizzadedados.com/e/a-beleza-matematica-dos-grafos/,13,['Bernardo Fontes'],"['Leticia Portella', 'Jessica Temporal', 'Gustavo Coelho', 'Bernardo Fontes']",1,4,"['T√¥ l√° no Facebook, que eu n√£o t√¥ mais...', 'S√≥ pode ver depois de terminar de ouvir o epis√≥dio', 'HBO patrocina a gente', 'Eu coleciono teorias de game of thrones', 'Queria mandar um beijo pro turicas, o amor da minha vida, um dos amores da minha vida', 'Agora que eu n√£o t√¥ mais nervoso']",Epis√≥dio 013: A beleza matem√°tica dos Grafos,"['Quem √© e o que faz o nosso convidado?', 'O que s√£o grafos', 'M√©tricas tiradas dos grafos', 'Quando usar e quando n√£o usar banco de dados relacionados a grafos', 'Ferramentas para lidar com grafos']"
"[('#PerguntaProPizza', 'https://twitter.com/search?q=%23perguntapropizza&src=typd'), ('Instagram do pizza', 'https://www.instagram.com/pizzadedados/'), ('Post da Lele para o Data Bootcamp: ‚ÄúO que fazer antes de postar uma pergunta online?‚Äù', 'https://medium.com/databootcamp/o-que-fazer-antes-de-postar-uma-pergunta-online-4c66f4e8a16'), ('Medium do Data Bootcamp', 'https://medium.com/databootcamp'), ('AfroPython', 'https://afropython.org/'), ('Django Girls', 'https://djangogirls.org/'), ('Rails Girls', 'http://railsgirls.com/'), ('Python', 'http://python.org.br/'), ('Framework Django', 'https://www.djangoproject.com/'), ('PyLadies Br Conf', 'https://pyladies-brazil.github.io/conf/'), ('Caso do Google reconhecer pessoas negras como gorilas', 'https://bits.blogs.nytimes.com/2015/07/01/google-photos-mistakenly-labels-black-people-gorillas/'), ('Caso do sensor de sabonete que n√£o reconhece peles negras', 'https://mic.com/articles/124899/the-reason-this-racist-soap-dispenser-doesn-t-work-on-black-skin#.Gs7hSXyEY'), ('Caso da reincid√™ncia', 'https://blog.fastforwardlabs.com/2017/03/09/fairml-auditing-black-box-predictive-models.html'), ('Python Brasil', 'http://pythonbrasil.org.br/'), ('‚ÄúWeapons of math destruction‚Äù', 'https://weaponsofmathdestructionbook.com/'), ('Ciclo de retroalimenta√ß√£o', 'https://pt.wikipedia.org/wiki/Retroalimenta%C3%A7%C3%A3o'), ('Lurking Variables ou Vari√°veis ocultas', 'https://support.minitab.com/pt-br/minitab/18/help-and-how-to/modeling-statistics/regression/supporting-topics/regression-models/what-is-a-lurking-variable/'), ('Redlining', 'https://www.youtube.com/watch?v=e68CoE70Mk8'), ('Redlining(2)', 'http://adamruinseverything.libsyn.com/nikole-hannah-jones-on-the-rippling-effects-of-redlining-and-segregation')]",https://podcast.pizzadedados.com/e/episodio-014/,14,"['Betina Costa', 'Felipe de Morais']","['Leticia Portella', 'Jessica Temporal', 'Gustavo Coelho', 'Betina Costa', 'Felipe de Morais']",2,5,"['Eu sou carioca ent√£o eu falo xxxxiado', 'Racista com efici√™ncia!']",Epis√≥dio 014: AfroPizza,"['Quem s√£o e o que fazem o nossos convidados?', 'A iniciativa AfroPython', 'Como algoritmos mostram vi√©s social', 'Como evitar esse tipo de vi√©s nos nossos algoritmos de Machine Learning']"
"[('Apoia-se', 'https://apoia.se/pizzadedados')]",https://podcast.pizzadedados.com/e/episodio-015-pizza-de-parabens/,15,['Pedro Vilanova (Tony)'],"['Leticia Portella', 'Jessica Temporal', 'Gustavo Coelho', 'Pedro Vilanova (Tony)']",1,4,"['#PerguntaProPizza', 'Instagram do pizza', 'Opera√ß√£o Serenata de Amor (Casa do Tony/Pedro)', 'Women in Data Science', 'Data Bootcamp em S√£o Paulo com a maravilhosa Jessica Temporal!', 'Guia Pizza de Dados', 'Revista do Pizza', 'Blog da Leticia', 'Blog da Jessica', 'Blog do Gustavo']",Epis√≥dio 015: Pizza de Parab√©ns!!!,"['Quem √© esse novo host maravilha?', 'Pizzas favoritas', 'Como surgiu o pizza de dados', 'Por que fazer um podcast e n√£o YouTube?', '√Åreas de forma√ß√£o das pizzaiolas', 'Qual ingrediente n√£o pode faltar em uma pizza de dados?', 'Os tr√™s trabalham com Ci√™ncia de Dados?', '√Åreas dentro de Ci√™ncia de Dados', 'Bate bola jogo r√°pido', 'Conquistas', 'Melhores elogios', 'Cena p√≥s cr√©ditos (as pizzaiolas voltaram em Avengers 4)']"
"[('#PerguntaProPizza', 'https://twitter.com/search?q=%23perguntapropizza&src=typd'), ('Instagram do pizza', 'https://www.instagram.com/pizzadedados/'), ('Apoia-se do Pizza', 'https://apoia.se/pizzadedados'), ('Data Engineer', 'https://www.oreilly.com/ideas/data-engineering-a-quick-and-simple-definition'), ('Big Data', 'https://pt.wikipedia.org/wiki/Big_data'), ('Software Engineer / Desenvolvimento de Software / Engenheiro de Software', 'https://pt.wikipedia.org/wiki/Engenharia_de_software'), ('AWS', 'https://aws.amazon.com/pt/'), ('Google Cloud', 'https://console.cloud.google.com/'), ('Pandas', 'http://pandas.pydata.org/'), ('Numpy', 'http://www.numpy.org/'), ('Scikit-Learn', 'https://scikit-learn.org/stable/index.html'), ('R', 'https://www.r-project.org/'), ('Julia', 'https://julialang.org/'), ('Javascript', 'https://pt.wikipedia.org/wiki/Javascript'), ('HTML', 'https://pt.wikipedia.org/wiki/HTML'), ('CSS', 'https://pt.wikipedia.org/wiki/Cascading_Style_Sheets'), ('DevOps', 'https://pt.wikipedia.org/wiki/DevOps'), ('Python', 'http://python.org.br/'), ('Dev / Desenvolvedor', 'https://pt.wikipedia.org/wiki/Programador'), ('IA', 'https://pt.wikipedia.org/wiki/Intelig%C3%AAncia_artificial'), ('Machine Learning', 'https://pt.wikipedia.org/wiki/Aprendizado_de_m%C3%A1quina'), ('Jupyter Notebooks', 'https://jupyter.org/'), ('Engenharia de sistemas', 'https://pt.wikipedia.org/wiki/Engenharia_de_sistemas'), ('Spyder', 'https://www.spyder-ide.org/'), ('PEP8', 'https://www.python.org/dev/peps/pep-0008/'), ('TDC', 'http://www.thedevelopersconference.com.br'), ('SciPyLA', 'http://scipyla.org/pt/'), ('PyData Bras√≠lia', 'https://www.meetup.com/pt-BR/PyData-Brasilia/'), ('PyData Belo Horizonte', 'https://www.meetup.com/pt-BR/PyData-Belo-Horizonte/'), ('Python MG', 'https://twitter.com/PythonMG'), ('Python Brasil', 'https://2018.pythonbrasil.org.br/'), ('Appear.In', 'https://appear.in/'), ('TI', 'https://appear.in/'), ('Git', 'https://git-scm.com/'), ('S√≠ndrome do Impostor', 'https://pt.wikipedia.org/wiki/S%C3%ADndrome_do_impostor'), ('Hacktoberfest', 'https://hacktoberfest.digitalocean.com/'), ('Meetup', 'https://www.meetup.com/'), ('Github', 'http://github.com/'), ('Django', 'http://djangoproject.com/'), ('Open Source', 'https://pt.wikipedia.org/wiki/C%C3%B3digo_aberto'), ('Hype', 'https://pt.wikipedia.org/wiki/Hype'), ('Pair Programming', 'https://en.wikipedia.org/wiki/Pair_programming'), ('Cultura de uma empresa', 'https://pt.wikipedia.org/wiki/Cultura_organizacional'), ('Softskill', 'https://pt.wikipedia.org/wiki/Soft_skills'), ('Testes de software', 'https://pt.wikipedia.org/wiki/Teste_de_software'), ('Deploy', 'https://pt.stackoverflow.com/questions/58729/o-que-%C3%A9-deploy'), ('PHP', 'http://php.net/')]",https://podcast.pizzadedados.com/e/episodio-016/,16,"['Silvia Benza', 'D√©bora Moura']","['Leticia Portella', 'Jessica Temporal', 'Gustavo Coelho', 'Silvia Benza', 'D√©bora Moura']",2,5,"['Todos somos conhecidos como ""as meninas do Pizza""', 'Esse neg√≥cio de ketchup na pizza √© um assunto POL√äMICO!', 'Cada um √© feliz do jeito que quiser, bota ketchup mesmo!', 'Eu estou muito aceitativo.', 'Se um ator √© um ator de verdade, ele entra numa imers√£o e interpreta um desenvolvedor!', 'Falaram que eu n√£o tinha todos os requisitos m√≠nimos: ningu√©m tem!', 'Requisito m√≠nimo: unic√≥rnio.', 'N√£o obstante ele ter comido o primeiro misto quente‚Ä¶ ele fez mais um!', 'Esse √© um sucesso de candidato!', 'Finge voc√™ √© gente s√≥ um pouquinho!', 'Eu odeio Jupyter Notebook que tem aquela linha que vai pra sempre!', 'T√° com sede!?', '√â tudo networking, amigo!', 'Tentar salvar a minha cara, que caiu aqui!', 'Vamos falar de coisa boa, vamos falar da nova Techpix.', 'Oi, tudo bem? Posso te comprar um caf√©?', 'N√£o √© poss√≠vel que eu consiga enganar tanta gente assim‚Ä¶', 'A gente gosta muito de ajudar a galera que precisa  ']",Epis√≥dio 016: Processos seletivos,"['Quem s√£o e o que fazem as nossas convidadas?', 'Processos seletivos', 'Vagas e candidatos absurdos', 'Dicas para conseguir vagas üòÑ', 'O que falta pros candidatos?', 'Diferenciais legais']"
"[('Let√≠cia no Hipster Tech', 'http://hipsters.tech/primeiros-passos-em-data-science-do-excel-e-bi-ao-python-hipsters-134/'), ('WIDS SP com a Jessica', 'https://www.sympla.com.br/women-in-data-science-sao-paulo__444967'), ('Livro Fundamentals of Data Visualization', 'https://serialmentor.com/dataviz/'), ('Colabora Dados', 'https://colaboradados.github.io/'), ('Data Bootcamp em Bras√≠lia', 'https://databootcamp.com.br/classes/15'), ('Bingo dos dados abertos', 'https://campagnucci.github.io/opendatabingo/'), ('Caf√© Hacker da Prefeitura de S√£o Paulo', 'http://cafehacker.prefeitura.sp.gov.br/'), ('Rob√¥ Edu no Facebook', 'https://www.messenger.com/login.php?next=https%3A%2F%2Fwww.messenger.com%2Ft%2FEduPrefSP'), ('Rob√¥ Edu no Telegram', 'https://web.telegram.org/#/im?p=@EduPrefSP_bot'), ('Prato Aberto', 'https://pratoaberto.sme.prefeitura.sp.gov.br/'), ('Open Data Index', 'https://index.okfn.org/'), ('Lei de Acesso √† Informa√ß√£o (LAI)', 'http://www.acessoainformacao.gov.br/assuntos/conheca-seu-direito/a-lei-de-acesso-a-informacao'), ('Lei Municipal de dados abertos', 'http://legislacao.prefeitura.sp.gov.br/leis/lei-16051-de-06-de-agosto-de-2014'), ('Caf√© Hacker', 'http://cafehacker.prefeitura.sp.gov.br/'), ('Fila da creche', 'http://filadacreche.sme.prefeitura.sp.gov.br/#/'), ('8 princ√≠pios de dados abertos', 'https://br.okfn.org/2015/04/14/quando-surgiram-os-oito-principios-dos-dados-abertos/'), ('Linguagem comum dos dados (Linked data)', 'https://pt.wikipedia.org/wiki/Linked_data'), ('Open Government Fellowship', 'http://www.oas.org/es/sap/dgpe/OpenGovFellowship/'), ('Open Data Institute', 'https://theodi.org/'), ('Abertura dos dados do IPTU', 'http://dados.prefeitura.sp.gov.br/pt_PT/dataset/base-de-dados-do-imposto-predial-e-territorial-urbano-iptu'), ('√çndice de dados abertos de S√£o Paulo', 'https://br.okfn.org/2017/04/25/indice-mostra-situacao-de-dados-abertos-e-transparencia-em-sao-paulo/'), ('Data on the web best practices', 'https://www.w3.org/TR/dwbp/')]",https://podcast.pizzadedados.com/e/episodio-017/,17,['Fernanda Campagnucci'],"['Leticia Portella', 'Jessica Temporal', 'Gustavo Coelho', 'Fernanda Campagnucci']",1,4,"['Pizza que voc√™ come com grafo e faca', 'A Nasa tem dados abertos, voc√™ acha que a base deles √© pequena?', 'Essa lei tamb√©m tem uma pegadinha do malandro!', 'Se voc√™ fala que a oficina √© de LAI, ningu√©m vai', 'Gustavo tiete']",Epis√≥dio 017: Dados do ponto de vista do Governo,"['Quem √© e o que faz a nossa convidada?', 'Dificuldades em abrir dados', 'Como foi abrir os dados do governo', 'Os oito princ√≠pios dos dados abertos', 'Rob√¥ Edu e Prato aberto']"
"[('Fundamentals of Data Visualization', 'https://serialmentor.com/dataviz/'), ('Um passeio pelo backstage de um podcast', 'https://medium.com/pizzadedados/backstage-de-um-podcast-465f02c2a7e5'), ('guia da BBC sobre como gerar os seus gr√°ficos usando R', 'https://bbc.github.io/rcookbook/'), ('MIT - Massachusetts Institute of Technology', 'http://web.mit.edu/'), ('Data Scientist: The sexiest job of the 21st Century', 'https://hbr.org/2012/10/data-scientist-the-sexiest-job-of-the-21st-century'), ('Distribui√ß√£o de Poisson', 'https://pt.wikipedia.org/wiki/Distribui%C3%A7%C3%A3o_de_Poisson'), ('Distribui√ß√£o normal', 'https://pt.wikipedia.org/wiki/Distribui%C3%A7%C3%A3o_normal'), ('Data Analytics', 'https://en.wikipedia.org/wiki/Analytics'), ('Data Analysis', 'https://en.wikipedia.org/wiki/Data_analysis'), ('Data Science', 'https://en.wikipedia.org/wiki/Data_science'), ('Machine Learning', 'https://pt.wikipedia.org/wiki/Aprendizado_de_m%C3%A1quina'), ('Data Engineer ou Engenheiro de dados', 'http://datascienceacademy.com.br/blog/o-que-faz-um-engenheiro-de-dados/'), ('Data Operations', 'https://en.wikipedia.org/wiki/DataOps'), ('Data Architecture ou Arquitetura de dados', 'https://pt.wikipedia.org/wiki/Arquitetura_de_dados'), ('Time series ou s√©ries temporais', 'https://pt.wikipedia.org/wiki/S%C3%A9rie_temporal'), ('Logs de dados', 'https://pt.wikipedia.org/wiki/Log_de_dados'), ('Big Data', 'https://pt.wikipedia.org/wiki/Big_data'), ('Chief Officers ou Diretor de Opera√ß√µes', 'https://pt.wikipedia.org/wiki/Diretor_de_opera%C3%A7%C3%B5es'), ('Metodologia √°gil (agile)', 'http://metodologiaagil.com/'), ('Teste de hip√≥tese', 'https://pt.wikipedia.org/wiki/Testes_de_hip%C3%B3teses')]",https://podcast.pizzadedados.com/e/episodio-018/,18,['Angela Bassa'],"['Leticia Portella', 'Jessica Temporal', 'Gustavo Coelho', 'Angela Bassa']",1,4,"['Que bom saber que esse sentimento dura a vida toda', 'Eu preciso de um unic√≥rnio que saiba fazer todas as coisas', 'Eu sei que legal√™s √© diferente de engenheir√™s/engenherano que √© diferente de RH-√™s', 'Gustavo quando engata no v√©i', 'Eu sou org√¢nica, tecido, meleca', 'Em golf eu sou est√∫pida']",Epis√≥dio 018: O desafio de gerenciar times de ci√™ncia de dados,"['Quem √© e o que faz o nossa convidada?', 'Desafios ao se tornar gerente de um time.', 'A import√¢ncia de um time diverso.', 'Como empresas devem se preparar para ter um time de ci√™ncia de dados.']"
"[('#PerguntaProPizza', 'https://twitter.com/search?q=%23perguntapropizza&src=typd'), ('Instagram do pizza', 'https://www.instagram.com/pizzadedados/'), ('Associazione Verace Pizza Napoletana (AVPN)', 'https://www.pizzanapoletana.org/en/'), ('Sovar massa', 'https://pt.wikihow.com/Sovar-Massas'), ('Gliadina', 'https://pt.wikipedia.org/wiki/Gliadina'), ('Glutenina', 'https://pt.wikipedia.org/wiki/Glutenina'), ('Ovo gelificante', 'https://pt.wikipedia.org/wiki/Agente_espessante'), ('Fermento natural', 'https://pt.wikipedia.org/wiki/Levedura')]",https://podcast.pizzadedados.com/e/episodio-019/,19,"['Dr. Cuducos', 'Guilherme Lacerda']","['Leticia Portella', 'Jessica Temporal', 'Gustavo Coelho', 'Dr. Cuducos', 'Guilherme Lacerda']",2,5,"['Aeh! Detalhe: agora √© DOUTOR Cuducos', 'Diferentes defini√ß√µes de rebusque', 'Revela√ß√µes bomb√°sticas!', ""O famoso 'p√° d√° liga'"", 'Na It√°lia tem uma brisa‚Ä¶', ""Toda aula tem algu√©m que diz: 'o MEU molho √© O MELHOR molho DO MUNDO!'"", 'Nem alho? E azeite? Nem azeite?', 'O casamento da acidez com a gordura', '‚Ä¶ que frita√ß√£o irada‚Ä¶', 'Fico com vontade, n√£o de voc√™ n√©, mas da comida']",Epis√≥dio 019: Pizza de pizza,"['Quem s√£o e o que fazem os nossos convidados?', 'Como julgar uma pizzaria que voc√™ n√£o conhece', 'O que faz uma pizza saborosa', 'Tipos de massa', 'Temperatura de assar a massa', 'Tipos de Pizza', 'Pizza Napolitana', 'An√°lise econ√¥mica da Pizza Napolitana', 'Julgamentos', 'Molho de tomate', 'Como virar uma pizzaiola', 'Intelig√™ncia para pizza']"
"[('#PerguntaProPizza', 'https://twitter.com/search?q=%23perguntapropizza&src=typd'), ('Instagram do pizza', 'https://www.instagram.com/pizzadedados/'), ('Data Science Cheatsheet', 'https://twitter.com/datasciencectrl/status/1102047639028289536?s=12'), ('guia.pizzadedados.com', 'http://guia.pizzadedados.com/'), ('Awesome Brazilian Dev Blogs', 'https://github.com/Wmitrut/awesome-brazilian-devblogs'), ('lintotype', 'https://github.com/deathbeds/lintotype'), ('Estat√≠stica', 'https://pt.wikipedia.org/wiki/Estat%C3%ADstica'), ('Machine Learning', 'https://pt.wikipedia.org/wiki/Aprendizado_de_m%C3%A1quina'), ('Business Intelligence (BI)', 'https://en.wikipedia.org/wiki/Business_intelligence'), ('Inicia√ß√£o Cient√≠fica', 'http://cnpq.br/iniciacao-cientifica/'), ('IBGE', 'https://www.ibge.gov.br/'), ('Business Sense', 'https://en.wikipedia.org/wiki/Business_acumen'), ('R', 'https://www.r-project.org/'), ('Python', 'https://www.python.org/'), ('Engenharia de Software', 'https://pt.wikipedia.org/wiki/Engenharia_de_software'), ('Matem√°tica aplicada', 'https://pt.wikipedia.org/wiki/Matem%C3%A1tica_aplicada'), ('Distribui√ß√£o de dados', 'https://pt.wikipedia.org/wiki/Distribui%C3%A7%C3%A3o_de_probabilidade'), ('Visualiza√ß√£o de dados', 'https://pt.wikipedia.org/wiki/Visualiza%C3%A7%C3%A3o_de_dados'), ('Pipeline', 'https://en.wikipedia.org/wiki/Pipeline_%28software%29'), ('Treinar modelos', 'https://www.quora.com/What-does-fitting-a-model-mean-in-data-science'), ('Query', 'https://pt.wikipedia.org/wiki/SQL'), ('Dataset', 'https://pt.wikipedia.org/wiki/Conjunto_de_dados'), ('Pandas', 'http://pandas.pydata.org/'), ('Sckit-learn', 'https://scikit-learn.org/stable/index.html'), ('Numpy', 'https://www.numpy.org/'), ('Fun√ß√£o recursiva', 'https://pt.wikipedia.org/wiki/Recursividade_(Ci%C3%AAncia_da_Computa%C3%A7%C3%A3o)'), ('Invers√£o de matriz', 'https://pt.wikipedia.org/wiki/Matriz_inversa'), ('Regress√£o Linear', 'https://pt.wikipedia.org/wiki/Regress%C3%A3o_linear'), ('Rede Neural', 'https://pt.wikipedia.org/wiki/Rede_neural_artificial'), ('Distribui√ß√£o Normal', 'https://pt.wikipedia.org/wiki/Distribui%C3%A7%C3%A3o_normal'), ('Estimadores', 'https://pt.wikipedia.org/wiki/Estimador'), ('Intervalo de confian√ßa', 'https://pt.wikipedia.org/wiki/Intervalo_de_confian%C3%A7a'), ('XGBoost', 'https://xgboost.readthedocs.io/en/latest/'), ('Precis√£o', 'https://pt.wikipedia.org/wiki/Precis%C3%A3o'), ('Ensemble de modelos', 'https://en.wikipedia.org/wiki/Ensemble_forecasting'), ('Regress√£o de Ridge', 'https://scikit-learn.org/stable/modules/generated/sklearn.linear_model.Ridge.html'), ('Feature Engineering', 'https://en.wikipedia.org/wiki/Feature_engineering'), ('Feature Engineering autom√°tico', 'https://towardsdatascience.com/why-automated-feature-engineering-will-change-the-way-you-do-machine-learning-5c15bf188b96'), ('Google AutoML', 'https://cloud.google.com/automl/'), ('Features', 'https://en.wikipedia.org/wiki/Feature_selection'), ('Spark', 'https://spark.apache.org/'), ('PowerBI', 'https://powerbi.microsoft.com/'), ('Google Spreadsheets', 'https://en.wikipedia.org/wiki/Google_Docs%2C_Sheets_and_Slides'), ('Excel', 'https://products.office.com/pt-br/excel'), ('NLTK', 'http://www.nltk.org/'), ('NLP', 'https://pt.wikipedia.org/wiki/Processamento_de_linguagem_natural'), ('Teste de hip√≥tese', 'https://pt.wikipedia.org/wiki/Testes_de_hip%C3%B3teses'), ('M√©dia', 'https://pt.wikipedia.org/wiki/M%C3%A9dia'), ('Vari√¢ncia', 'https://pt.wikipedia.org/wiki/Vari%C3%A2ncia'), ('Pandas .describe()', 'https://pandas.pydata.org/pandas-docs/stable/reference/api/pandas.DataFrame.describe.html'), ('Como mentir com estat√≠stica', 'https://www.amazon.com.br/Como-Mentir-Estat%C3%ADstica-Darrell-Huff/dp/858057952X'), ('Amostragem', 'https://pt.wikipedia.org/wiki/Amostragem_(estat%C3%ADstica)'), ('Indicadores-Chave de Performance ou KPI', 'https://pt.wikipedia.org/wiki/Indicador-chave_de_desempenho'), ('Escalabilidade de software', 'http://pt.stackoverflow.com/questions/90297/ddg#90310'), ('S√©rie temporal', 'https://pt.wikipedia.org/wiki/S%C3%A9rie_temporal'), ('Sazonalidade', 'https://en.wikipedia.org/wiki/Seasonality'), ('Modelos Anti-fraude', 'https://en.wikipedia.org/wiki/Data_analysis_techniques_for_fraud_detection'), ('Dashboards', 'https://en.wikipedia.org/wiki/Dashboard_(business)'), ('Teste A/B', 'https://en.wikipedia.org/wiki/A/B_testing'), ('Signific√¢ncia estat√≠stica', 'https://pt.wikipedia.org/wiki/Signific%C3%A2ncia_estat%C3%ADstica'), ('StackOverflow', 'https://stackoverflow.com/'), ('Crossvalidated', 'https://stats.stackexchange.com/')]",https://podcast.pizzadedados.com/e/episodio-020/,20,['Julia Tessler'],"['Leticia Portella', 'Jessica Temporal', 'Gustavo Coelho', 'Julia Tessler']",1,4,"['Olha ela cheia de ""buzzwords"" no ""job title"" dela!', 'N√£o Gustavo, ningu√©m gosta de aliche.', 'As pessoas do aliche saindo do arm√°rio!', 'A vers√£o ""too long, didn\'t read"" disso √© que tudo deu errado na minha vida, mas deu certo', 'Bom‚Ä¶ 4 anos viraram 7‚Ä¶', 'As pessoas n√£o podem ter medo, na verdade', 'H√° vida na data science sem saber engenharia de software', 'Eu nopelo pizza sempre comentando coisas que eu lembro pela metade', 'Estat√≠sticos s√£o muito ruins em marketing', 'Eu tava aqui acenando com a cabe√ßa e esqueci que esse neg√≥cio √© s√≥ √°udio', 'Do mais simples ao mais complexo.', 'Nossos convidados mostram a realidade ""real""', 'Pizza s√≥ √© boa se ela for de dados!']",Epis√≥dio 020: Estat√≠stica e Machine Learning,"['Quem √© e o que faz a nossa convidada?', 'O que uma estat√≠stica tem de diferente de algu√©m que vem da computa√ß√£o', 'Como √© o dia a dia de uma cientista de dados', 'Belezas da regress√£o linear', 'O que da estat√≠stica √© fundamental que se saiba?', 'Como fazer predi√ß√£o de Indicadores de Performance']"
"[('‚ÄúWhy we love the CDF and do not like histograms that much‚Äù ', 'https://www.andata.at/en/software-blog-reader/why-we-love-the-cdf-and-do-not-like-histograms-that-much.html'), ('""Writing your own flavor of Pandas.""', 'https://twitter.com/zrsailer/status/1117654266661834753'), ('Financiamento recorrente do Pizza no Apoia.se', 'https://apoia.se/pizzadedados'), ('MATLAB', 'https://pt.wikipedia.org/wiki/MATLAB'), ('Grupo de Julia no Telegram', 'https://t.me/juliabrasil'), ('Python', 'https://python.org.br/'), ('Linguagem R', 'https://cran.r-project.org/'), ('Multiple Dispatch ou Despacho M√∫ltiplo', 'https://pt.wikipedia.org/wiki/Despacho_m%C3%BAltiplo'), ('C++', 'http://www.cplusplus.com/'), ('Pandas', 'https://pandas.pydata.org/'), ('Numpy', 'https://www.numpy.org/'), ('Fortran', 'https://pt.wikipedia.org/wiki/Fortran'), ('QTest', 'https://docs.roguewave.com/imsl/fortran/7.0/stat/stat.htm?turl=docs%2Fqtest.htm'), ('CUTEst', 'https://github.com/JuliaSmoothOptimizers/CUTEst.jl'), ('Octave', 'https://www.gnu.org/software/octave/'), ('Go', 'https://golang.org/'), ('JavaScript', 'https://pt.wikipedia.org/wiki/JavaScript'), ('C√°lculo matricial', 'https://pt.wikipedia.org/wiki/C%C3%A1lculo_matricial'), ('Metaprograma√ß√£o ', 'https://pt.wikipedia.org/wiki/Metaprograma%C3%A7%C3%A3o'), ('Pacote JuMP', 'https://github.com/JuliaOpt/JuMP.jl.git'), ('Pacote Plots', 'https://github.com/JuliaPlots/Plots.jl.git'), ('Pacote UnicodePlots', 'https://github.com/Evizero/UnicodePlots.jl'), ('C√≥digo aberto', 'https://pt.wikipedia.org/wiki/C%C3%B3digo_aberto'), ('JuliaCon', 'https://juliacon.org/'), ('Flask', 'http://flask.pocoo.org/'), ('Django', 'https://www.djangoproject.com/'), ('Shiny', 'https://shiny.rstudio.com/'), ('Genie Framework', 'http://genieframework.com/'), ('Rust', 'https://www.rust-lang.org/'), ('Think Julia', 'https://benlauwens.github.io/ThinkJulia.jl/latest/book.html'), ('Think Python', 'https://greenteapress.com/wp/think-python/'), ('Pense Python', 'https://penseallen.github.io/PensePython2e/'), ('‚ÄúJulia para Pythonistas‚Äù', 'https://www.youtube.com/watch?v=Vhfkl97Zlfg'), ('Pacote Flux', 'https://github.com/FluxML/Flux.jl'), ('Pacote Forward Diff', 'https://github.com/JuliaDiff/ForwardDiff.jl'), ('Pacote Zygote', 'https://github.com/FluxML/Zygote.jl'), ('Notebooks de C√°lculo Num√©rico', 'https://abelsiqueira.github.io/cmm014-2019s1/')]",https://podcast.pizzadedados.com/e/episodio-021/,21,"['Abel Siqueira', 'Felipe Noronha']","['Leticia Portella', 'Jessica Temporal', 'Gustavo Coelho', 'Abel Siqueira', 'Felipe Noronha']",2,5,"['Tem uma lei que a pizza real √© a Napolitana', 'Da napolitana eu gosto mais de sorvete', 'JuliaCon ou BraJulia sei l√° como a gente vai chamar', 'T√¥ muito fangirl do Julia', 'Achei chique', 'Vamo ter que regravar precisamos de pol√™mica']",Epis√≥dio 021: Precisamos falar sobre Julia,"['Quem s√£o e o que fazem o nossos convidados?', 'Desafios da linguagem', 'Andamento da cria√ß√£o de pacotes na linguagem', 'Apelo matem√°tico da linguagem']"
"[('Nubank libera fklearn', 'https://medium.com/building-nubank/introducing-fklearn-nubanks-machine-learning-library-part-i-2a1c781035d0'), ('Intercerpt brasil ganhou pr√™mio com dados que a Let√≠cia ajudou a analisar', 'https://twitter.com/cuducos/status/1121836575392923648?s=21'), ('Texto da Gabriela Cesar sobre R no pizza!', 'https://medium.com/pizzadedados/r-para-jornalistas-instala%C3%A7%C3%A3o-leitura-e-verifica%C3%A7%C3%A3o-de-arquivo-aff69bc20ba1'), ('Post do Gustavo pro DBC sobre SQL', 'https://medium.com/databootcamp/sql-do-zero-%C3%A0-primeira-consulta-b6ebaa4382f1'), ('Python Brasil 2019', 'https://2019.pythonbrasil.org.br/'), ('Estudos que falam que quem trabalha menos horas rendem mais', 'https://www.cnbc.com/2018/02/07/science-shows-you-can-get-more-done-by-working-less.html'), ('T√©cnica Pomodoro', 'https://www.google.com/amp/s/guiadoestudante.abril.com.br/blog/dicas-estudo/veja-como-aumentar-a-sua-produtividade-nos-estudos-com-a-tecnica-pomodoro/'), ('Blog da Leticia', 'https://leportella.com/'), ('Blog da Jessica', 'http://jtemporal.com/'), ('Blog do Gustavo', 'https://gusrabbit.com/'), ('Pandas', 'https://pandas.pydata.org/'), ('Apache nifi', 'https://nifi.apache.org/index.html'), ('PySpark', 'https://spark.apache.org/docs/latest/api/python/index.html'), ('Spark', 'https://spark.apache.org/'), ('Python', 'https://python.org.br/'), ('Paradigma funcional', 'https://pt.wikipedia.org/wiki/Programa%C3%A7%C3%A3o_funcional'), ('Paradigma orienta√ß√£o a objeto', 'https://pt.wikipedia.org/wiki/Orienta%C3%A7%C3%A3o_a_objetos'), ('Java', 'https://www.oracle.com/java/'), ('Pydata no brasil e pelo mundo', 'https://pydata.org/'), ('Scala', 'https://www.scala-lang.org/'), ('Ruby', 'https://www.ruby-lang.org/en/'), ('Blog do Jupyter ', 'https://blog.jupyter.org/@leportella'), ('UML', 'https://pt.wikipedia.org/wiki/UML'), ('Python Fluente', 'https://novatec.com.br/livros/pythonfluente/'), ('Stack Overflow em portugu√™s!', 'https://pt.stackoverflow.com/'), ('Post da jess sobre fazer um podcast', 'https://jtemporal.com/um-passeio-pelo-backstage-de-um-podcast/')]",https://podcast.pizzadedados.com/e/episodio-022/,22,[],"['Leticia Portella', 'Jessica Temporal', 'Gustavo Coelho']",0,3,"[' \xa0\xa0\xa0Vai l√° muso...', ' \xa0\xa0\xa0\xa0Voc√™s mataram o assunto, vou nem falar mais nada.', ' \xa0\xa0\xa0\xa0O bom √© que ningu√©m t√° vendo a minha cara e da Jessica desaprovando', ' \xa0\xa0\xa0\xa0Eu achei que eu entendi e n√£o entendi', ' \xa0\xa0\xa0\xa0Peidar na farofa', ' \xa0\xa0\xa0\xa0Meu professor de Java j√° falava: ‚ÄúCaderno n√£o compila‚Äù', ' \xa0\xa0\xa0\xa0Sou contra!!!', ' \xa0\xa0\xa0\xa0Mas eu sou esquisita mesmo, eu aceito', ' \xa0\xa0\xa0\xa0Se algu√©m escrever no meu caderno eu tenho um surto psic√≥tico', ' \xa0\xa0\xa0\xa0√â nesse dia que o pizza acaba, t√¥ avisando!', ' \xa0\xa0\xa0\xa0N√£o anotem na m√£o, anotem no caderno', ' \xa0\xa0\xa0\xa0Eu desenho muito. Fluxogramas n√©, porque no resto eu sou um lixo...', ' \xa0\xa0\xa0\xa0Voc√™s n√£o est√£o vendo a cara que o Gustavo t√° fazendo', ' \xa0\xa0\xa0\xa0N√£o √© uma op√ß√£o! Goodreads √© a √∫nica rede social que me representa!', ' \xa0\xa0\xa0\xa0Fez sentido alguma coisa que eu falei?', ' \xa0\xa0\xa0\xa0Fa√ßa um podcast e seja cansado voc√™ tamb√©m!']",Epis√≥dio 022: Aprender a aprender,"['Aprendendo a aprender', 'Rotina de estudos', 'Pomodoro', 'Di√°rio t√©cnico, como fazer o seu', 'Ensinar √© o melhor jeito de estudar', 'Melhores maneiras para fixar conhecimento', 'Como √© o processo de escolha e leitura de livros t√©cnicos', 'H√°bitos de leitura', 'Como lidar com a quantidade infinita de coisas que temos que aprender']"
"[('#PerguntaProPizza', 'https://twitter.com/search?q=%23perguntapropizza&src=typd'), ('Instagram do pizza', 'https://www.instagram.com/pizzadedados/'), ('Apoia-se do Pizza', 'https://apoia.se/pizzadedados'), ('Canal do Pizza no Telegram', 'https://t.me/pizzadedados'), ('Artigo do Adam Drake sobre command line tools', 'https://adamdrake.com/command-line-tools-can-be-235x-faster-than-your-hadoop-cluster.html'), ('Principles and techniques of data science - Universidade de Berkley', 'https://adamdrake.com/command-line-tools-can-be-235x-faster-than-your-hadoop-cluster.html'), ('Tensorflow #1 na Revista do Pizza', 'https://adamdrake.com/command-line-tools-can-be-235x-faster-than-your-hadoop-cluster.html'), ('Tensorflow #2 na Revista do Pizza', 'https://adamdrake.com/command-line-tools-can-be-235x-faster-than-your-hadoop-cluster.html'), ('Jessica como instrutora no Data Bootcamp', 'https://databootcamp.com.br/classes/inteligencia-artificial-na-pratica-osasco-2019-07-27-090000-0300'), ('Bioinform√°tica', 'https://pt.wikipedia.org/wiki/Bioinform%C3%A1tica'), ('Inicia√ß√£o Cient√≠fica', 'https://pt.wikipedia.org/wiki/Inicia%C3%A7%C3%A3o_cient%C3%ADfica'), ('R', 'https://pt.wikipedia.org/wiki/R_(linguagem_de_programa%C3%A7%C3%A3o)'), ('Hospital Henry Ford', 'https://www.henryford.com/locations/henry-ford-hospital'), ('Resson√¢ncia', 'https://pt.wikipedia.org/wiki/Imagem_por_resson%C3%A2ncia_magn%C3%A9tica'), ('DNA', 'https://pt.wikipedia.org/wiki/%C3%81cido_desoxirribonucleico'), ('Sequenciamento de DNA', 'https://pt.wikipedia.org/wiki/Sequenciamento_de_DNA'), ('Patologista', 'https://pt.wikipedia.org/wiki/Patologista'), ('Estat√≠stica', 'https://pt.wikipedia.org/wiki/Estat%C3%ADstica'), ('Fluxograma', 'https://pt.wikipedia.org/wiki/Fluxograma'), ('Pr√©-processamento de dados', 'https://pt.wikipedia.org/wiki/Pr%C3%A9-processamento_de_dados'), ('Genoma', 'http://year_1_month_1_submission_file_1'), ('Normalizar dados', 'https://pt.wikipedia.org/wiki/Normaliza%C3%A7%C3%A3o_de_dados'), ('An√°lise n√£o-supervisionada', 'https://en.wikipedia.org/wiki/Unsupervised_learning'), ('Aprendizado de m√°quina', 'https://pt.wikipedia.org/wiki/Aprendizado_de_m%C3%A1quina'), ('Pipeline', 'https://en.wikipedia.org/wiki/Pipeline_(computing)'), ('Cran', 'https://cran.rstudio.com/'), ('Bioconductor', 'https://www.bioconductor.org/'), ('M√°quinas de sequenciamento', 'https://pt.wikipedia.org/wiki/Sequenciamento_de_DNA'), ('GEEO', 'https://www.ncbi.nlm.nih.gov/geo/'), ('NCBI', 'https://www.ncbi.nlm.nih.gov/'), ('Terminal', 'https://pt.wikipedia.org/wiki/Terminal_(inform%C3%A1tica)'), ('Micro-RNA', 'https://pt.wikipedia.org/wiki/Micro-ARN'), ('Biomedicina', 'https://pt.wikipedia.org/wiki/Biomedicina'), ('Ci√™ncia reprodut√≠vel', 'https://pt.wikipedia.org/wiki/Reprodutibilidade'), ('S√©ries temporais', 'https://pt.wikipedia.org/wiki/S%C3%A9rie_temporal'), ('Matrizes', 'https://pt.wikipedia.org/wiki/Matriz_(matem%C3%A1tica)'), ('Metila√ß√£o do DNA', 'https://pt.wikipedia.org/wiki/Metila%C3%A7%C3%A3o_do_ADN'), ('MATLAB', 'https://www.mathworks.com/products/matlab.html'), ('Outlier', 'https://pt.wikipedia.org/wiki/Outlier'), ('Laborat√≥rio de bancada', 'https://pt.wikipedia.org/wiki/Laborat%C3%B3rio'), ('Machine learning - features', 'https://en.wikipedia.org/wiki/Feature_(machine_learning)'), ('Desenvolvimento de software', 'https://en.wikipedia.org/wiki/Software_development'), ('Pipeta', 'https://pt.wikipedia.org/wiki/Pipeta'), ('RStudio', 'https://www.rstudio.com/'), ('RStudio server', 'https://www.rstudio.com/products/rstudio/download-server/'), ('Linux', 'https://www.linux.org/'), ('rsync', 'https://pt.wikipedia.org/wiki/Rsync'), ('scp', 'https://pt.wikipedia.org/wiki/Secure_copy'), ('R em Jupyter', 'https://github.com/IRkernel/IRkernel'), ('TCGAbiolinks', 'https://bioconductor.org/packages/release/bioc/html/TCGAbiolinks.html'), ('GUI', 'https://pt.wikipedia.org/wiki/Interface_gr%C3%A1fica_do_utilizador'), ('Shiny', 'https://shiny.rstudio.com/'), ('Javascript', 'https://pt.wikipedia.org/wiki/JavaScript'), ('HTML', 'https://pt.wikipedia.org/wiki/HTML'), ('CSS', 'https://pt.wikipedia.org/wiki/Cascading_Style_Sheets'), ('Google Scholar - Thais', 'https://scholar.google.com/citations?user=kpzBsEwAAAAJ&hl=en'), ('Cloud', 'https://pt.wikipedia.org/wiki/Computa%C3%A7%C3%A3o_em_nuvem'), ('TI', 'https://pt.wikipedia.org/wiki/Tecnologia_da_informa%C3%A7%C3%A3o'), ('Servidor', 'https://pt.wikipedia.org/wiki/Servidor_(computa%C3%A7%C3%A3o)'), ('Moneyball', 'https://pt.wikipedia.org/wiki/Moneyball')]",https://podcast.pizzadedados.com/e/episodio-023/,23,['Thais Sarraf Sabedot'],"['Leticia Portella', 'Jessica Temporal', 'Gustavo Coelho', 'Thais Sarraf Sabedot']",1,4,"['Eu gosto de fazer promessas que n√£o necessariamente v√£o ser cumpridas', 'Pessoal que est√° morando l√° h√° um tempo fala certinho‚Ä¶ acho m√≥ chique', 'Saudades inclusive', 'Vou parar de falar pra n√£o falar muitos nomes esquisitos', 'Agora eu vou rasgar seda pra comunidade de R', 'Jessica t√° feliz que a gente est√° fazendo um epis√≥dio de R', 'Dado aberto √© pizza e dado fechado √© calzone. E a gente gosta de pizza e n√£o de calzone.', 'Eu achei que meu trabalho era legal', 'Muito legal! Eu s√≥ falo isso nos epis√≥dios...']",Epis√≥dio 023: BioinfoRm√°tica,"['Quem √© e o que faz a nossa convidada?', 'O que uma bioinformata faz em um hospital?', 'Como usar an√°lise de dados para ajudar pacientes de c√¢ncer', 'Quais s√£o as dificuldades de analisar dados biol√≥gicos?', 'Vamos falar de R!', 'Pesquisa acad√™mica Estados Unidos vs Brasil']"
